{
    "metadata": [
        [
            370,
            "exp_vs_pred_growth_gf_glc_l1",
            "KBasePhenotypes.PhenotypeSimulationSet-3.0",
            "2025-02-26T15:44:23+0000",
            2,
            "osnat_weissberg",
            208317,
            "osnat_weissberg:narrative_1740583420819",
            "643ac8854a1fd3fb288a917b2e3b2a33",
            8643,
            {
                "Number phenotypes": "32"
            }
        ]
    ],
    "provenance": [
        {
            "copy_source_inaccessible": 0,
            "created": "2025-02-26T15:44:22+0000",
            "creator": "osnat_weissberg",
            "epoch": 1740584662555,
            "extracted_ids": {},
            "info": [
                370,
                "exp_vs_pred_growth_gf_glc_l1",
                "KBasePhenotypes.PhenotypeSimulationSet-3.0",
                "2025-02-26T15:44:23+0000",
                2,
                "osnat_weissberg",
                208317,
                "osnat_weissberg:narrative_1740583420819",
                "643ac8854a1fd3fb288a917b2e3b2a33",
                8643,
                {
                    "Number phenotypes": "32"
                }
            ],
            "orig_wsid": 208317,
            "path": [
                "208317/370/2"
            ],
            "provenance": [
                {
                    "custom": {},
                    "external_data": [],
                    "input_ws_objects": [],
                    "intermediate_incoming": [],
                    "intermediate_outgoing": [],
                    "method": "simulate_growth_on_phenotype_data",
                    "method_params": [
                        {
                            "add_all_transporters": 1,
                            "add_positive_transporters": 0,
                            "custom_bound_list": [],
                            "fbamodel_id": "208317/366/1",
                            "feature_ko_list": "",
                            "fit_phenotype_data": 0,
                            "gapfill_phenotypes": 0,
                            "media_supplement_list": "",
                            "phenotypeset_id": "191918/360/1",
                            "phenotypesim_output_id": "exp_vs_pred_growth_gf_glc_l1",
                            "reaction_ko_list": "",
                            "save_fluxes": 0,
                            "target_reaction": "bio1",
                            "workspace": "osnat_weissberg:narrative_1740583420819"
                        }
                    ],
                    "resolved_ws_objects": [],
                    "service": "fba_tools",
                    "subactions": []
                }
            ],
            "refs": [
                "208317/366/1",
                "191918/360/1"
            ]
        }
    ]
}